type,value,memory,function,repetitions
total,0.09488744735717773,512,writer,200
lock,0.08597851157188416,512,writer,200
push,0.003425862789154053,512,writer,200
total,0.34521969079971315,512,distributor,200
notify,0.00019876956939697267,512,distributor,200
commit,0.12114246726036072,512,distributor,200
write,0.09371644139289856,512,distributor,200
pop,0.09528939247131347,512,distributor,200