type,value,memory,function,repetitions
total,0.10436580896377563,512,writer,200
lock,0.10182615160942078,512,writer,200
push,0.0009546530246734619,512,writer,200
total,0.29294332265853884,512,distributor,200
notify,0.00020157575607299805,512,distributor,200
commit,0.09978142857551575,512,distributor,200
write,0.08492438197135925,512,distributor,200
pop,0.07873590469360352,512,distributor,200